Metric,Value
MAE,3.0984126984126985
MSE,10.481269841269842
RMSE,3.237478932946104
