Metric,Value
MAE,7.399999999999999
MSE,55.59999999999998
RMSE,7.456540752922898
