Metric,Value
MAE,7.871428571428571
MSE,62.929999999999986
RMSE,7.9328431221094995
